infile,capacity_mb,key_sample_ratio,evict_expired,rv_enable,rv_min_ttl,rv_min_freq,rv_max_zone_amp,all,hit_fresh,hit_reval,hit_stale,miss_mandatory,miss_expired,miss_evicted,fetches,revals,reval_wasted
cf_a,2048,1,true,true,5,8,2,611934080,545785493,2058289,0,39393977,0,24696321,64090298,2821036,754241
cf_a,2048,1,true,true,5,5,2,611934080,545638894,2975422,0,39393977,0,23925787,63319764,4291683,1300708
cf_a,2048,1,true,true,5,2,2,611934080,545113041,5663957,0,39393977,0,21763105,61157082,11235478,5509903
cf_a,2048,1,true,true,1,3,2,611934080,545375383,4409159,0,39393977,0,22755561,62149538,7179933,2738129
cf_a,2048,1,true,true,1,4,2,611934080,545536168,3572557,0,39393977,0,23431378,62825355,5363625,1769924
cf_a,2048,1,true,true,5,4,2,611934080,545537919,3521692,0,39393977,0,23480492,62874469,5304680,1761844
cf_a,2048,1,true,true,5,3,2,611934080,545377781,4338462,0,39393977,0,22823860,62217837,7089350,2718243
cf_a,2048,1,true,true,5,7,2,611934080,545752440,2290105,0,39393977,0,24497558,63891535,3172096,871905
cf_a,2048,1,true,true,1,7,2,611934080,545751686,2314619,0,39393977,0,24473798,63867775,3198412,873707
cf_a,2048,1,true,true,1,8,2,611934080,545784894,2078240,0,39393977,0,24676969,64070946,2842273,755527
cf_a,2048,1,true,true,1,6,2,611934080,545705104,2615979,0,39393977,0,24219020,63612997,3671980,1043766
cf_a,2048,1,true,true,5,6,2,611934080,545706056,2585449,0,39393977,0,24248598,63642575,3638737,1041053
cf_a,2048,1,true,true,1,1,2,611934080,544622985,8373086,0,39393977,0,19544032,58938009,32005818,23443577
cf_a,2048,1,true,true,1,2,2,611934080,545109438,5778253,0,39393977,0,21652412,61046389,11433331,5593460
cf_a,2048,1,true,true,1,5,2,611934080,545637592,3014145,0,39393977,0,23888366,63282343,4334651,1304953
cf_a,2048,1,true,true,5,1,2,611934080,544628669,8122032,0,39393977,0,19789402,59183379,30778304,22467117
cf_e,2048,1,true,true,120,3,2,350792453,301694465,2246519,0,31410803,0,15440666,46851469,3936510,1648208
fb23_a,2048,1,true,true,30,2,2,50114817,25996400,663418,0,14706046,0,8748953,23454999,4020158,3353304
cf_a,2048,1,true,true,120,2,2,611934080,545361302,4012110,0,39393977,0,23166691,62560668,8406695,4332992
cf_a,2048,1,true,true,30,5,2,611934080,545644403,2933948,0,39393977,0,23961752,63355729,4190155,1240654
fb23_b,2048,1,true,true,120,8,2,102880352,32530193,214428,0,36942641,0,33193090,70135731,632592,417531
cf_a,2048,1,true,true,15,7,2,611934080,545754006,2271511,0,39393977,0,24514586,63908563,3110952,829355
fb23_a,2048,1,true,true,60,8,2,50114817,26077411,128495,0,14706046,0,9202865,23908911,331204,202390
fb23_c,2048,1,true,true,5,5,2,96069531,37271927,414860,0,34573902,0,23808842,58382744,1488308,1072080
fb23_c,2048,1,true,true,1,6,2,96069531,37284974,330811,0,34573902,0,23879844,58453746,1123977,792141
cf_g,2048,1,true,true,60,1,2,305423259,255032988,4353026,0,30637283,0,15399962,46037245,18260886,13663135
fb23_b,2048,1,true,true,45,4,2,102880352,32483463,543159,0,36942641,0,32911089,69853730,1959899,1414948
cf_e,2048,1,true,true,1,1,2,350792453,301097588,6012720,0,31410803,0,12271342,43682145,30473983,24309902
cf_a,2048,1,true,true,30,8,2,611934080,545787323,2037798,0,39393977,0,24714982,64108959,2761383,715079
cf_a,2048,1,true,true,60,2,2,611934080,545324552,4246951,0,39393977,0,22968600,62362577,8784434,4475881
cf_c,2048,1,true,true,1,5,2,585034315,479167590,3384694,0,69164776,0,33317255,102482031,4758527,1344345
fb23_b,2048,1,true,true,15,6,2,102880352,32516261,310438,0,36942641,0,33111012,70053653,976623,665260
fb23_a,2048,1,true,true,60,6,2,50114817,26068076,187442,0,14706046,0,9153253,23859299,481274,293390
fb23_c,2048,1,true,true,15,7,2,96069531,37294008,270415,0,34573902,0,23931206,58505108,852003,580794
fb23_c,2048,1,true,true,60,5,2,96069531,37271968,414382,0,34573902,0,23809279,58383181,1487637,1071887
cf_g,2048,1,true,true,5,7,2,305423259,255646998,1307345,0,30637283,0,17831633,48468916,2393567,1051893
fb23_b,2048,1,true,true,30,8,2,102880352,32530193,214489,0,36942641,0,33193029,70135670,632656,417534
fb23_c,2048,1,true,true,30,3,2,96069531,37207580,806266,0,34573902,0,23481783,58055685,3354331,2544702
fb23_b,2048,1,true,true,5,6,2,102880352,32516261,310438,0,36942641,0,33111012,70053653,976623,665260
cf_e,2048,1,true,true,120,7,2,350792453,301929337,1071236,0,31410803,0,16381077,47791880,1687875,597247
cf_g,2048,1,true,true,1,6,2,305423259,255607218,1565750,0,30637283,0,17613008,48250291,2919834,1313469
cf_a,2048,1,true,true,45,5,2,611934080,545697097,2362169,0,39393977,0,24480837,63874814,3539349,1161627
cf_g,2048,1,true,true,5,2,2,305423259,255212707,3476397,0,30637283,0,16096872,46734155,10700266,7100628
cf_c,2048,1,true,true,30,6,2,585034315,479290006,2564133,0,69164776,0,34015400,103180176,3571738,984180
fb23_b,2048,1,true,true,5,4,2,102880352,32483436,543468,0,36942641,0,32910807,69853448,1960232,1414972
fb23_a,2048,1,true,true,1,5,2,50114817,26060400,233615,0,14706046,0,9114756,23820802,602225,368049
cf_e,2048,1,true,true,30,3,2,350792453,301658878,2492261,0,31410803,0,15230511,46641314,4787694,2253643
fb23_b,2048,1,true,true,120,1,2,102880352,32254499,3025236,0,36942641,0,30657976,67600617,68024734,64922154
cf_g,2048,1,true,true,5,3,2,305423259,255393063,2580802,0,30637283,0,16812111,47449394,6300676,3635400
cf_g,2048,1,true,true,45,5,2,305423259,255593004,1466641,0,30637283,0,17726331,48363614,2389052,872850
fb23_c,2048,1,true,true,15,4,2,96069531,37248716,558093,0,34573902,0,23688820,58262722,2109470,1549412
cf_c,2048,1,true,true,45,7,2,585034315,479399680,1853069,0,69164776,0,34616790,103781566,2616640,744168
cf_e,2048,1,true,true,15,2,2,350792453,301473880,3449580,0,31410803,0,14458190,45868993,7917967,4406121
cf_c,2048,1,true,true,15,3,2,585034315,478850317,4385779,0,69164776,0,32633443,101798219,7623186,3181750
cf_e,2048,1,true,true,45,3,2,350792453,301684245,2308450,0,31410803,0,15388955,46799758,4037645,1687412
cf_e,2048,1,true,true,30,5,2,350792453,301844997,1579353,0,31410803,0,15957300,47368103,2731329,1125631
cf_g,2048,1,true,true,1,7,2,305423259,255640959,1372575,0,30637283,0,17772442,48409725,2473805,1066901
fb23_c,2048,1,true,true,120,3,2,96069531,37207769,804285,0,34573902,0,23483575,58057477,3351658,2544010
cf_e,2048,1,true,true,60,4,2,350792453,301789748,1802443,0,31410803,0,15789459,47200262,2965081,1130394
fb23_b,2048,1,true,true,1,7,2,102880352,32525020,251569,0,36942641,0,33161122,70103763,764981,512664
fb23_b,2048,1,true,true,60,1,2,102880352,32254499,3025236,0,36942641,0,30657976,67600617,68024735,64922155
fb23_c,2048,1,true,true,60,8,2,96069531,37299381,230457,0,34573902,0,23965791,58539693,675206,444101
cf_a,2048,1,true,true,120,1,2,611934080,545022186,5503369,0,39393977,0,22014548,61408525,20619548,14927140
cf_a,2048,1,true,true,60,7,2,611934080,545782264,1853757,0,39393977,0,24904082,64298059,2642260,778417
cf_c,2048,1,true,true,60,2,2,585034315,478601467,4875986,0,69164776,0,32392086,101556862,11224919,6252749
fb23_a,2048,1,true,true,120,3,2,50114817,26028943,426775,0,14706046,0,8953053,23659099,1439940,1011677
cf_e,2048,1,true,true,5,2,2,350792453,301455636,3596971,0,31410803,0,14329043,45739846,8948220,5288979
cf_g,2048,1,true,true,5,4,2,305423259,255502859,2063175,0,30637283,0,17219942,47857225,4428093,2302131
fb23_c,2048,1,true,true,30,7,2,96069531,37294008,270415,0,34573902,0,23931206,58505108,852003,580794
cf_c,2048,1,true,true,45,5,2,585034315,479264889,2495473,0,69164776,0,34109177,103273953,3772295,1247337
fb23_b,2048,1,true,true,120,3,2,102880352,32448992,790928,0,36942641,0,32697791,69640432,3250744,2456837
fb23_a,2048,1,true,true,120,1,2,50114817,25945425,1237060,0,14706046,0,8226286,22932332,22789821,21527194
fb23_b,2048,1,true,true,15,4,2,102880352,32483436,543468,0,36942641,0,32910807,69853448,1960232,1414972
fb23_a,2048,1,true,true,1,4,2,50114817,26047989,309513,0,14706046,0,9051269,23757315,868164,557860
fb23_b,2048,1,true,true,45,6,2,102880352,32516268,310319,0,36942641,0,33111124,70053765,976495,665251
cf_g,2048,1,true,true,45,6,2,305423259,255631986,1267779,0,30637283,0,17886211,48523494,2027289,718895
fb23_b,2048,1,true,true,15,2,2,102880352,32380044,1348484,0,36942641,0,32209183,69151824,9761674,8405071
cf_g,2048,1,true,true,15,7,2,305423259,255647546,1291978,0,30637283,0,17846452,48483735,2188144,861837
fb23_c,2048,1,true,true,120,8,2,96069531,37299381,230457,0,34573902,0,23965791,58539693,675206,444101
fb23_b,2048,1,true,true,1,3,2,102880352,32448897,791759,0,36942641,0,32697055,69639696,3251680,2456942
fb23_a,2048,1,true,true,60,2,2,50114817,25996495,662616,0,14706046,0,8749660,23455706,4012583,3346531
fb23_a,2048,1,true,true,60,4,2,50114817,26047997,309448,0,14706046,0,9051326,23757372,868023,557784
cf_e,2048,1,true,true,120,6,2,350792453,301901578,1228235,0,31410803,0,16251837,47662640,1946173,695637
fb23_a,2048,1,true,true,45,1,2,50114817,25945425,1237060,0,14706046,0,8226286,22932332,22789824,21527197
cf_a,2048,1,true,true,15,4,2,611934080,545543508,3479936,0,39393977,0,23516659,62910636,5187259,1686179
cf_a,2048,1,true,true,15,2,2,611934080,545136338,5528775,0,39393977,0,21874990,61268967,10799949,5209557
cf_c,2048,1,true,true,120,2,2,585034315,478643535,4599700,0,69164776,0,32626304,101791080,10710457,6014581
fb23_c,2048,1,true,true,5,8,2,96069531,37299375,230578,0,34573902,0,23965676,58539578,675438,444212
fb23_a,2048,1,true,true,1,1,2,50114817,25944544,1292281,0,14706046,0,8171946,22877992,24099017,22781169
fb23_c,2048,1,true,true,15,8,2,96069531,37299375,230578,0,34573902,0,23965676,58539578,675438,444212
cf_c,2048,1,true,true,15,5,2,585034315,479201628,2990927,0,69164776,0,33676984,102841760,4323870,1303455
fb23_a,2048,1,true,true,5,5,2,50114817,26060400,233615,0,14706046,0,9114756,23820802,602225,368049
cf_e,2048,1,true,true,15,5,2,350792453,301844671,1582695,0,31410803,0,15954284,47365087,2734831,1125791
cf_e,2048,1,true,true,1,8,2,350792453,301941723,1090444,0,31410803,0,16349483,47760286,1891916,784135
fb23_b,2048,1,true,true,60,8,2,102880352,32530193,214428,0,36942641,0,33193090,70135731,632592,417531
cf_e,2048,1,true,true,30,6,2,350792453,301891482,1335903,0,31410803,0,16154265,47565068,2269658,911453
cf_c,2048,1,true,true,60,8,2,585034315,479440898,1634685,0,69164776,0,34793956,103958732,2262734,611793
fb23_a,2048,1,true,true,60,7,2,50114817,26074044,151282,0,14706046,0,9183445,23889491,384530,232890
cf_e,2048,1,true,true,30,4,2,350792453,301773393,1938958,0,31410803,0,15669299,47080102,3468854,1497648
cf_e,2048,1,true,true,5,8,2,350792453,301943246,1063053,0,31410803,0,16375351,47786154,1859949,779559
fb23_a,2048,1,true,true,60,5,2,50114817,26060403,233602,0,14706046,0,9114766,23820812,602183,368020
fb23_b,2048,1,true,true,120,4,2,102880352,32483463,543159,0,36942641,0,32911089,69853730,1959899,1414948
fb23_b,2048,1,true,true,1,2,2,102880352,32380044,1349133,0,36942641,0,32208534,69151175,9767288,8410036
cf_c,2048,1,true,true,60,3,2,585034315,478945572,3721729,0,69164776,0,33202238,102367014,6750340,2972962
cf_c,2048,1,true,true,60,7,2,585034315,479399676,1852979,0,69164776,0,34616884,103781660,2616535,744153
fb23_b,2048,1,true,true,15,3,2,102880352,32448897,791744,0,36942641,0,32697070,69639711,3251618,2456895
fb23_b,2048,1,true,true,5,7,2,102880352,32525020,251569,0,36942641,0,33161122,70103763,764981,512664
fb23_a,2048,1,true,true,1,6,2,50114817,26068076,187445,0,14706046,0,9153250,23859296,481303,293416
cf_c,2048,1,true,true,15,2,2,585034315,478474587,5707439,0,69164776,0,31687513,100852289,12838627,7034988
cf_e,2048,1,true,true,60,8,2,350792453,301948459,963390,0,31410803,0,16469801,47880604,1516484,535757
cf_e,2048,1,true,true,15,4,2,350792453,301772953,1943019,0,31410803,0,15665678,47076481,3473214,1497947
cf_c,2048,1,true,true,120,1,2,585034315,477627591,6482927,0,69164776,0,31759021,100923797,30693107,23930571
cf_c,2048,1,true,true,60,4,2,585034315,479138699,2995324,0,69164776,0,33735516,102900292,4829786,1795471
cf_c,2048,1,true,true,60,6,2,585034315,479343106,2131919,0,69164776,0,34394514,103559290,3099088,943745
fb23_a,2048,1,true,true,120,6,2,50114817,26068076,187442,0,14706046,0,9153253,23859299,481274,293390
cf_g,2048,1,true,true,120,5,2,305423259,255596510,1442377,0,30637283,0,17747089,48384372,2358193,866255
cf_c,2048,1,true,true,120,8,2,585034315,479444980,1582610,0,69164776,0,34841949,104006725,2190053,591187
fb23_b,2048,1,true,true,45,8,2,102880352,32530193,214428,0,36942641,0,33193090,70135731,632592,417531
cf_e,2048,1,true,true,30,2,2,350792453,301475102,3441632,0,31410803,0,14464916,45875719,7905062,4401164
fb23_b,2048,1,true,true,120,7,2,102880352,32525023,251491,0,36942641,0,33161197,70103838,764900,512661
cf_c,2048,1,true,true,5,5,2,585034315,479173761,3352369,0,69164776,0,33343409,102508185,4720731,1338874
fb23_a,2048,1,true,true,30,5,2,50114817,26060400,233615,0,14706046,0,9114756,23820802,602225,368049
cf_e,2048,1,true,true,15,6,2,350792453,301891239,1338739,0,31410803,0,16151672,47562475,2272597,911556
fb23_b,2048,1,true,true,30,6,2,102880352,32516261,310438,0,36942641,0,33111012,70053653,976623,665260
fb23_b,2048,1,true,true,1,4,2,102880352,32483436,543468,0,36942641,0,32910807,69853448,1960232,1414972
cf_g,2048,1,true,true,5,6,2,305423259,255615808,1486816,0,30637283,0,17683352,48320635,2821374,1293943
fb23_a,2048,1,true,true,30,8,2,50114817,26077411,128497,0,14706046,0,9202863,23908909,331215,202399
fb23_a,2048,1,true,true,5,4,2,50114817,26047989,309513,0,14706046,0,9051269,23757315,868164,557860
cf_g,2048,1,true,true,60,6,2,305423259,255631992,1267763,0,30637283,0,17886221,48523504,2027271,718893
cf_g,2048,1,true,true,120,8,2,305423259,255679244,993675,0,30637283,0,18113057,48750340,1562289,538852
fb23_a,2048,1,true,true,45,3,2,50114817,26028943,426775,0,14706046,0,8953053,23659099,1439940,1011677
cf_g,2048,1,true,true,15,6,2,305423259,255616625,1468154,0,30637283,0,17701197,48338480,2552341,1043572
fb23_a,2048,1,true,true,45,6,2,50114817,26068076,187442,0,14706046,0,9153253,23859299,481274,293390
fb23_a,2048,1,true,true,30,6,2,50114817,26068076,187445,0,14706046,0,9153250,23859296,481303,293416
fb23_c,2048,1,true,true,30,5,2,96069531,37271927,414860,0,34573902,0,23808842,58382744,1488308,1072080
fb23_a,2048,1,true,true,120,2,2,50114817,25996495,662616,0,14706046,0,8749660,23455706,4012583,3346531
cf_a,2048,1,true,true,30,3,2,611934080,545394368,4241599,0,39393977,0,22904136,62298113,6860438,2586194
cf_e,2048,1,true,true,45,1,2,350792453,301217503,4905137,0,31410803,0,13259010,44669813,19814626,14758180
cf_a,2048,1,true,true,15,6,2,611934080,545708241,2562629,0,39393977,0,24269233,63663210,3567787,992923
fb23_a,2048,1,true,true,60,3,2,50114817,26028943,426775,0,14706046,0,8953053,23659099,1439940,1011677
cf_c,2048,1,true,true,30,3,2,585034315,478854789,4356471,0,69164776,0,32658279,101823055,7582266,3170138
cf_a,2048,1,true,true,45,8,2,611934080,545807711,1680326,0,39393977,0,25052066,64446043,2359896,671064
fb23_c,2048,1,true,true,45,6,2,96069531,37285000,330510,0,34573902,0,23880119,58454021,1123526,791991
cf_g,2048,1,true,true,30,5,2,305423259,255571880,1700441,0,30637283,0,17513655,48150938,3071081,1321079
cf_c,2048,1,true,true,15,1,2,585034315,477387599,8157499,0,69164776,0,30324441,99489217,42476212,34038784
cf_e,2048,1,true,true,5,5,2,350792453,301840879,1637837,0,31410803,0,15902934,47313737,3009064,1344882
fb23_c,2048,1,true,true,45,3,2,96069531,37207769,804285,0,34573902,0,23483575,58057477,3351658,2544010
cf_c,2048,1,true,true,15,6,2,585034315,479288862,2575134,0,69164776,0,34005543,103170319,3583100,984541
fb23_c,2048,1,true,true,60,6,2,96069531,37285000,330510,0,34573902,0,23880119,58454021,1123526,791991
cf_a,2048,1,true,true,60,6,2,611934080,545747051,2073980,0,39393977,0,24719072,64113049,3017704,931489
cf_e,2048,1,true,true,15,8,2,350792453,301944247,1030382,0,31410803,0,16407021,47817824,1718505,670786
fb23_b,2048,1,true,true,120,2,2,102880352,32380223,1346968,0,36942641,0,32210520,69153161,9759941,8404854
fb23_b,2048,1,true,true,45,5,2,102880352,32504340,395510,0,36942641,0,33037861,69980502,1316056,919329
cf_c,2048,1,true,true,30,2,2,585034315,478483362,5653088,0,69164776,0,31733089,100897865,12733978,6984690
cf_g,2048,1,true,true,5,5,2,305423259,255570442,1725528,0,30637283,0,17490006,48127289,3441553,1666464
fb23_c,2048,1,true,true,15,1,2,96069531,37008873,2620150,0,34573902,0,21866606,56440508,57998253,55304508
cf_e,2048,1,true,true,45,8,2,350792453,301948459,963390,0,31410803,0,16469801,47880604,1516484,535757
fb23_a,2048,1,true,true,1,2,2,50114817,25996400,663970,0,14706046,0,8748401,23454447,4022855,3355449
fb23_c,2048,1,true,true,30,1,2,96069531,37008873,2620150,0,34573902,0,21866606,56440508,57998252,55304507
cf_g,2048,1,true,true,1,8,2,305423259,255664737,1223077,0,30637283,0,17898162,48535445,2148287,895448
fb23_c,2048,1,true,true,120,1,2,96069531,37009637,2611878,0,34573902,0,21874114,56448016,57642906,54957433
fb23_a,2048,1,true,true,60,1,2,50114817,25945425,1237060,0,14706046,0,8226286,22932332,22789822,21527195
fb23_b,2048,1,true,true,45,3,2,102880352,32448992,790928,0,36942641,0,32697791,69640432,3250744,2456837
cf_c,2048,1,true,true,30,5,2,585034315,479203180,2977300,0,69164776,0,33689059,102853835,4309300,1302512
cf_e,2048,1,true,true,15,3,2,350792453,301658226,2497530,0,31410803,0,15225894,46636697,4793739,2254419
cf_g,2048,1,true,true,120,3,2,305423259,255451526,2120989,0,30637283,0,17213461,47850744,3895839,1690376
cf_c,2048,1,true,true,1,4,2,585034315,479012208,4037423,0,69164776,0,32819908,101984684,6037270,1960852
fb23_a,2048,1,true,true,30,4,2,50114817,26047989,309513,0,14706046,0,9051269,23757315,868164,557860
fb23_c,2048,1,true,true,45,2,2,96069531,37134349,1313828,0,34573902,0,23047452,57621354,8074806,6752960
fb23_a,2048,1,true,true,5,8,2,50114817,26077411,128497,0,14706046,0,9202863,23908909,331215,202399
cf_e,2048,1,true,true,120,2,2,350792453,301531035,3082528,0,31410803,0,14768087,46178890,6370259,3225477
fb23_c,2048,1,true,true,5,3,2,96069531,37207580,806266,0,34573902,0,23481783,58055685,3354331,2544702
cf_c,2048,1,true,true,30,7,2,585034315,479353450,2227461,0,69164776,0,34288628,103453404,3023077,776211
cf_c,2048,1,true,true,15,7,2,585034315,479352542,2236585,0,69164776,0,34280412,103445188,3032362,776372
cf_c,2048,1,true,true,5,4,2,585034315,479021566,3988682,0,69164776,0,32859291,102024067,5977983,1950306
cf_g,2048,1,true,true,30,2,2,305423259,255222934,3388331,0,30637283,0,16174711,46811994,8967609,5456037
cf_g,2048,1,true,true,60,2,2,305423259,255289165,2929911,0,30637283,0,16566900,47204183,6272380,3219228
fb23_b,2048,1,true,true,60,6,2,102880352,32516268,310319,0,36942641,0,33111124,70053765,976495,665251
cf_g,2048,1,true,true,30,6,2,305423259,255616738,1466983,0,30637283,0,17702255,48339538,2551131,1043533
cf_g,2048,1,true,true,1,3,2,305423259,255354997,2804304,0,30637283,0,16626675,47263958,6590649,3701871
cf_a,2048,1,true,true,30,4,2,611934080,545546244,3463739,0,39393977,0,23530120,62924097,5166005,1681122
cf_e,2048,1,true,true,1,2,22,335079245,301927625,1085986,0,31410803,0,,14138895,455496981711979,606601
fb23_b,2048,1,true,true,5,1,2,102880352,32254302,3026991,0,36942641,0,30656418,67599059,68120451,65016116
cf_a,2048,1,true,true,120,7,2,611934080,545787223,1801027,0,39393977,0,24951853,64345830,2585346,774234
cf_e,2048,1,true,true,60,3,2,350792453,301684251,2308411,0,31410803,0,15388988,46799791,4037571,1687377
fb23_b,2048,1,true,true,30,2,2,102880352,32380044,1348484,0,36942641,0,32209183,69151824,9761674,8405071
fb23_a,2048,1,true,true,5,1,2,50114817,25945261,1241318,0,14706046,0,8222192,22928238,23144673,21877788
fb23_c,2048,1,true,true,30,2,2,96069531,37133912,1317890,0,34573902,0,23043827,57617729,8083605,6757697
cf_g,2048,1,true,true,45,2,2,305423259,255289143,2930033,0,30637283,0,16566800,47204083,6272783,3219509
cf_e,2048,1,true,true,120,8,2,350792453,301949535,952432,0,31410803,0,16479683,47890486,1497986,528217
cf_a,2048,1,true,true,120,4,2,611934080,545638876,2645355,0,39393977,0,24255872,63649849,4203220,1536724
cf_a,2048,1,true,true,45,4,2,611934080,545623216,2759294,0,39393977,0,24157593,63551570,4337083,1556646
fb23_b,2048,1,true,true,60,5,2,102880352,32504340,395510,0,36942641,0,33037861,69980502,1316056,919329
cf_e,2048,1,true,true,5,6,2,350792453,301888914,1383209,0,31410803,0,16109527,47520330,2484469,1078958
cf_e,2048,1,true,true,60,7,2,350792453,301927625,1085985,0,31410803,0,16368040,47778843,1711976,606599
cf_a,2048,1,true,true,45,6,2,611934080,545746986,2074435,0,39393977,0,24718682,64112659,3018582,931912
cf_c,2048,1,true,true,1,8,2,585034315,479385841,2257459,0,69164776,0,34226239,103391015,2929013,655296
cf_e,2048,1,true,true,45,6,2,350792453,301898883,1248596,0,31410803,0,16234171,47644974,1978649,707752
fb23_b,2048,1,true,true,60,2,2,102880352,32380223,1346968,0,36942641,0,32210520,69153161,9759941,8404854
fb23_a,2048,1,true,true,15,1,2,50114817,25945261,1241318,0,14706046,0,8222192,22928238,23144672,21877787
cf_e,2048,1,true,true,120,1,2,350792453,301240758,4757204,0,31410803,0,13383688,44794491,19166505,14258000
cf_e,2048,1,true,true,30,8,2,350792453,301944399,1028242,0,31410803,0,16409009,47819812,1716306,670727
cf_c,2048,1,true,true,60,1,2,585034315,477561375,6998552,0,69164776,0,31309612,100474388,32889157,25610953
cf_e,2048,1,true,true,30,1,2,350792453,301156043,5350110,0,31410803,0,12875497,44286300,24770100,19268639
cf_c,2048,1,true,true,5,1,2,585034315,477272190,9096065,0,69164776,0,29501284,98666060,49815040,40438995
fb23_a,2048,1,true,true,15,3,2,50114817,26028914,427032,0,14706046,0,8952825,23658871,1440578,1012058
fb23_c,2048,1,true,true,30,6,2,96069531,37284974,330811,0,34573902,0,23879844,58453746,1123977,792141
cf_c,2048,1,true,true,120,5,2,585034315,479276577,2395948,0,69164776,0,34197014,103361790,3637356,1211924
fb23_c,2048,1,true,true,45,4,2,96069531,37248793,557175,0,34573902,0,23689661,58263563,2108265,1549125
fb23_a,2048,1,true,true,5,6,2,50114817,26068076,187445,0,14706046,0,9153250,23859296,481303,293416
fb23_b,2048,1,true,true,30,1,2,102880352,32254302,3026991,0,36942641,0,30656418,67599059,68120448,65016113
fb23_a,2048,1,true,true,15,5,2,50114817,26060400,233615,0,14706046,0,9114756,23820802,602225,368049
fb23_a,2048,1,true,true,120,8,2,50114817,26077411,128495,0,14706046,0,9202865,23908911,331204,202390
cf_g,2048,1,true,true,45,3,2,305423259,255442013,2178347,0,30637283,0,17165616,47802899,3978924,1716103
cf_e,2048,1,true,true,5,4,2,350792453,301766551,2015027,0,31410803,0,15600072,47010875,3848931,1801656
cf_c,2048,1,true,true,30,4,2,585034315,479065254,3540810,0,69164776,0,33263475,102428251,5464014,1884209
cf_a,2048,1,true,true,30,2,2,611934080,545142020,5495505,0,39393977,0,21902578,61296555,10740746,5183624
fb23_c,2048,1,true,true,15,6,2,96069531,37284974,330811,0,34573902,0,23879844,58453746,1123977,792141
fb23_c,2048,1,true,true,15,5,2,96069531,37271927,414860,0,34573902,0,23808842,58382744,1488308,1072080
fb23_b,2048,1,true,true,1,8,2,102880352,32530193,214489,0,36942641,0,33193029,70135670,632656,417534
fb23_c,2048,1,true,true,1,5,2,96069531,37271927,414860,0,34573902,0,23808842,58382744,1488308,1072080
cf_a,2048,1,true,true,120,8,2,611934080,545811393,1636364,0,39393977,0,25092346,64486323,2312511,667642
cf_a,2048,1,true,true,120,3,2,611934080,545534996,3174916,0,39393977,0,23830191,63224168,5500822,2293268
fb23_b,2048,1,true,true,120,6,2,102880352,32516268,310319,0,36942641,0,33111124,70053765,976495,665251
fb23_c,2048,1,true,true,60,1,2,96069531,37009637,2611879,0,34573902,0,21874113,56448015,57642917,54957443
cf_c,2048,1,true,true,1,3,2,585034315,478775918,4990294,0,69164776,0,32103327,101268103,8393431,3347478
fb23_b,2048,1,true,true,1,6,2,102880352,32516261,310438,0,36942641,0,33111012,70053653,976623,665260
cf_g,2048,1,true,true,60,3,2,305423259,255442029,2178295,0,30637283,0,17165652,47802935,3978804,1716035
cf_a,2048,1,true,true,15,8,2,611934080,545786574,2042788,0,39393977,0,24710741,64104718,2766891,715597
cf_a,2048,1,true,true,45,1,2,611934080,544962683,5929670,0,39393977,0,21647750,61041727,22178942,16060185
cf_g,2048,1,true,true,30,4,2,305423259,255505391,2028703,0,30637283,0,17251882,47889165,3885167,1793677
fb23_c,2048,1,true,true,120,2,2,96069531,37134349,1313827,0,34573902,0,23047453,57621355,8074805,6752960
cf_g,2048,1,true,true,15,8,2,305423259,255669668,1154190,0,30637283,0,17962118,48599401,1918206,734254
fb23_a,2048,1,true,true,120,7,2,50114817,26074044,151282,0,14706046,0,9183445,23889491,384530,232890
cf_g,2048,1,true,true,1,1,2,305423259,254837748,6080221,0,30637283,0,13868007,44505290,37201276,30876321
cf_a,2048,1,true,true,60,3,2,611934080,545511520,3331437,0,39393977,0,23697146,63091123,5698934,2334856
cf_g,2048,1,true,true,5,8,2,305423259,255669292,1167338,0,30637283,0,17949346,48586629,2080645,883545
cf_g,2048,1,true,true,15,3,2,305423259,255397496,2531724,0,30637283,0,16856756,47494039,5426660,2810462
fb23_b,2048,1,true,true,60,3,2,102880352,32448992,790928,0,36942641,0,32697791,69640432,3250744,2456837
fb23_a,2048,1,true,true,45,8,2,50114817,26077411,128495,0,14706046,0,9202865,23908911,331204,202390
fb23_c,2048,1,true,true,45,8,2,96069531,37299381,230457,0,34573902,0,23965791,58539693,675206,444101
fb23_b,2048,1,true,true,15,1,2,102880352,32254302,3026991,0,36942641,0,30656418,67599059,68120449,65016114
fb23_c,2048,1,true,true,45,7,2,96069531,37294024,270228,0,34573902,0,23931377,58505279,851695,580673
fb23_a,2048,1,true,true,120,4,2,50114817,26047997,309448,0,14706046,0,9051326,23757372,868023,557784
cf_g,2048,1,true,true,120,4,2,305423259,255541266,1711430,0,30637283,0,17533280,48170563,2893280,1119063
fb23_c,2048,1,true,true,60,2,2,96069531,37134349,1313828,0,34573902,0,23047452,57621354,8074806,6752960
fb23_c,2048,1,true,true,5,6,2,96069531,37284974,330811,0,34573902,0,23879844,58453746,1123977,792141
cf_g,2048,1,true,true,60,4,2,305423259,255535578,1747993,0,30637283,0,17502405,48139688,2941651,1130871
cf_c,2048,1,true,true,45,6,2,585034315,479343112,2132111,0,69164776,0,34394316,103559092,3099309,943774
cf_c,2048,1,true,true,5,6,2,585034315,479268308,2894243,0,69164776,0,33706988,102871764,3929095,1011427
fb23_a,2048,1,true,true,5,7,2,50114817,26074044,151285,0,14706046,0,9183442,23889488,384542,232899
fb23_b,2048,1,true,true,15,5,2,102880352,32504329,395684,0,36942641,0,33037698,69980339,1316243,919342
cf_c,2048,1,true,true,1,1,2,585034315,477245639,9353085,0,69164776,0,29270815,98435591,51797708,42164640
fb23_a,2048,1,true,true,45,5,2,50114817,26060403,233602,0,14706046,0,9114766,23820812,602183,368020
fb23_c,2048,1,true,true,60,7,2,96069531,37294024,270228,0,34573902,0,23931377,58505279,851695,580673
cf_c,2048,1,true,true,5,8,2,585034315,479387513,2245276,0,69164776,0,34236750,103401526,2916109,654575
cf_g,2048,1,true,true,45,1,2,305423259,255032945,4354136,0,30637283,0,15398895,46036178,18276706,13677845
fb23_b,2048,1,true,true,30,3,2,102880352,32448897,791744,0,36942641,0,32697070,69639711,3251618,2456895
cf_g,2048,1,true,true,1,5,2,305423259,255557196,1826874,0,30637283,0,17401906,48039189,3568376,1691941
fb23_b,2048,1,true,true,5,8,2,102880352,32530193,214489,0,36942641,0,33193029,70135670,632656,417534
fb23_a,2048,1,true,true,5,2,2,50114817,25996400,663418,0,14706046,0,8748953,23454999,4020158,3353304
fb23_a,2048,1,true,true,15,2,2,50114817,25996400,663418,0,14706046,0,8748953,23454999,4020158,3353304
cf_g,2048,1,true,true,15,5,2,305423259,255571727,1701887,0,30637283,0,17512362,48149645,3072620,1321172
fb23_c,2048,1,true,true,45,5,2,96069531,37271968,414382,0,34573902,0,23809279,58383181,1487637,1071887
cf_e,2048,1,true,true,30,7,2,350792453,301922283,1160145,0,31410803,0,16299222,47710025,1949616,770078
cf_c,2048,1,true,true,5,7,2,585034315,479337292,2522077,0,69164776,0,34010170,103174946,3336353,794871
cf_c,2048,1,true,true,15,8,2,585034315,479399894,1983345,0,69164776,0,34486300,103651076,2638269,638666
fb23_c,2048,1,true,true,120,6,2,96069531,37285000,330510,0,34573902,0,23880119,58454021,1123526,791991
fb23_c,2048,1,true,true,60,4,2,96069531,37248793,557175,0,34573902,0,23689661,58263563,2108265,1549125
cf_e,2048,1,true,true,1,4,2,350792453,301759947,2095947,0,31410803,0,15525756,46936559,3949520,1821325
cf_g,2048,1,true,true,30,7,2,305423259,255647636,1291067,0,30637283,0,17847273,48484556,2187211,861815
cf_c,2048,1,true,true,30,1,2,585034315,477404417,8041888,0,69164776,0,30423234,99588010,41988239,33666425
fb23_a,2048,1,true,true,30,7,2,50114817,26074044,151285,0,14706046,0,9183442,23889488,384542,232899
cf_c,2048,1,true,true,45,3,2,585034315,478945684,3723592,0,69164776,0,33200263,102365039,6752699,2973458
fb23_b,2048,1,true,true,15,7,2,102880352,32525020,251569,0,36942641,0,33161122,70103763,764981,512664
fb23_c,2048,1,true,true,30,8,2,96069531,37299375,230578,0,34573902,0,23965676,58539578,675438,444212
cf_e,2048,1,true,true,60,2,2,350792453,301515480,3174812,0,31410803,0,14691358,46102161,6548411,3311344
cf_a,2048,1,true,true,60,4,2,611934080,545623394,2758144,0,39393977,0,24158565,63552542,4334790,1555503
cf_e,2048,1,true,true,45,5,2,350792453,301855901,1472429,0,31410803,0,16053320,47464123,2360050,861277
cf_g,2048,1,true,true,120,7,2,305423259,255660418,1106260,0,30637283,0,18019298,48656581,1753146,612557
cf_g,2048,1,true,true,30,8,2,305423259,255669743,1153479,0,30637283,0,17962754,48600037,1917480,734239
cf_c,2048,1,true,true,45,2,2,585034315,478601813,4879932,0,69164776,0,32387794,101552570,11230426,6254310
cf_g,2048,1,true,true,15,1,2,305423259,254932925,5080570,0,30637283,0,14772481,45409764,27932566,22607262
cf_c,2048,1,true,true,45,8,2,585034315,479440905,1634728,0,69164776,0,34793906,103958682,2262782,611798
cf_e,2048,1,true,true,5,3,2,350792453,301647364,2596896,0,31410803,0,15137390,46548193,5356841,2718154
cf_g,2048,1,true,true,15,2,2,305423259,255222172,3393100,0,30637283,0,16170704,46807987,8975526,5459185
cf_a,2048,1,true,true,45,2,2,611934080,545323809,4251652,0,39393977,0,22964642,62358619,8798367,4485113
cf_c,2048,1,true,true,1,6,2,585034315,479264380,2916065,0,69164776,0,33689094,102853870,3953702,1014212
fb23_a,2048,1,true,true,30,3,2,50114817,26028914,427032,0,14706046,0,8952825,23658871,1440578,1012058
fb23_b,2048,1,true,true,1,1,2,102880352,32227733,3080584,0,36942641,0,30629394,67572035,70375023,67217095
cf_a,2048,1,true,true,60,8,2,611934080,545807747,1680024,0,39393977,0,25052332,64446309,2359327,670797
fb23_c,2048,1,true,true,30,4,2,96069531,37248716,558093,0,34573902,0,23688820,58262722,2109470,1549412
fb23_a,2048,1,true,true,1,7,2,50114817,26074044,151285,0,14706046,0,9183442,23889488,384542,232899
cf_g,2048,1,true,true,1,2,2,305423259,255153492,3862686,0,30637283,0,15769798,46407081,11303802,7317875
cf_e,2048,1,true,true,60,1,2,350792453,301217512,4905057,0,31410803,0,13259081,44669884,19813390,14757024
cf_g,2048,1,true,true,15,4,2,305423259,255505142,2030757,0,30637283,0,17250077,47887360,3887454,1793910
cf_e,2048,1,true,true,60,5,2,350792453,301855902,1472423,0,31410803,0,16053325,47464128,2360035,861268
cf_c,2048,1,true,true,1,2,2,585034315,478366952,6521265,0,69164776,0,30981322,100146098,14258976,7641509
fb23_b,2048,1,true,true,45,2,2,102880352,32380223,1346968,0,36942641,0,32210520,69153161,9759941,8404854
fb23_c,2048,1,true,true,60,3,2,96069531,37207769,804285,0,34573902,0,23483575,58057477,3351658,2544010
fb23_b,2048,1,true,true,15,8,2,102880352,32530193,214489,0,36942641,0,33193029,70135670,632656,417534
fb23_c,2048,1,true,true,5,1,2,96069531,37008873,2620150,0,34573902,0,21866606,56440508,57998254,55304509
cf_e,2048,1,true,true,1,3,2,350792453,301636739,2717713,0,31410803,0,15027198,46438001,5519953,2760449
cf_g,2048,1,true,true,30,1,2,305423259,254934136,5070614,0,30637283,0,14781226,45418509,27845175,22529827
cf_e,2048,1,true,true,5,7,2,350792453,301920635,1200159,0,31410803,0,16260856,47671659,2122738,903186
fb23_b,2048,1,true,true,60,7,2,102880352,32525023,251491,0,36942641,0,33161197,70103838,764900,512661
cf_c,2048,1,true,true,5,3,2,585034315,478789367,4916571,0,69164776,0,32163601,101328377,8295662,3323432
cf_g,2048,1,true,true,45,8,2,305423259,255678292,1002651,0,30637283,0,18105033,48742316,1573611,541198
cf_a,2048,1,true,true,45,3,2,611934080,545511196,3333528,0,39393977,0,23695379,63089356,5703329,2337160
cf_e,2048,1,true,true,60,6,2,350792453,301898884,1248592,0,31410803,0,16234174,47644977,1978640,707747
cf_e,2048,1,true,true,120,4,2,350792453,301796387,1760230,0,31410803,0,15825033,47235836,2899482,1107008
cf_a,2048,1,true,true,45,7,2,611934080,545782217,1854110,0,39393977,0,24903776,64297753,2642922,778726
fb23_c,2048,1,true,true,5,7,2,96069531,37294008,270415,0,34573902,0,23931206,58505108,852003,580794
cf_g,2048,1,true,true,120,6,2,305423259,255634193,1250851,0,30637283,0,17900932,48538215,2006156,714690
cf_c,2048,1,true,true,120,4,2,585034315,479156119,2864198,0,69164776,0,33849222,103013998,4648734,1745548
fb23_a,2048,1,true,true,120,5,2,50114817,26060403,233602,0,14706046,0,9114766,23820812,602183,368020
cf_g,2048,1,true,true,120,1,2,305423259,255060102,4163568,0,30637283,0,15562306,46199589,17142263,12733971
cf_a,2048,1,true,true,30,6,2,611934080,545709681,2553898,0,39393977,0,24276524,63670501,3557623,991490
cf_e,2048,1,true,true,1,6,2,350792453,301886089,1425888,0,31410803,0,16069673,47480476,2534846,1086656
fb23_c,2048,1,true,true,1,4,2,96069531,37248716,558095,0,34573902,0,23688818,58262720,2109473,1549413
cf_g,2048,1,true,true,45,4,2,305423259,255535569,1748027,0,30637283,0,17502380,48139663,2941710,1130896
cf_a,2048,1,true,true,120,5,2,611934080,545707571,2276909,0,39393977,0,24555623,63949600,3443462,1151004
fb23_a,2048,1,true,true,45,4,2,50114817,26047997,309448,0,14706046,0,9051326,23757372,868023,557784
cf_c,2048,1,true,true,1,7,2,585034315,479334819,2537826,0,69164776,0,33996894,103161670,3353541,796310
cf_a,2048,1,true,true,15,5,2,611934080,545642437,2945693,0,39393977,0,23951973,63345950,4204633,1243387
fb23_b,2048,1,true,true,120,5,2,102880352,32504340,395510,0,36942641,0,33037861,69980502,1316056,919329
fb23_c,2048,1,true,true,120,4,2,96069531,37248793,557175,0,34573902,0,23689661,58263563,2108265,1549125
fb23_c,2048,1,true,true,120,5,2,96069531,37271968,414382,0,34573902,0,23809279,58383181,1487637,1071887
cf_a,2048,1,true,true,15,3,2,611934080,545390409,4264418,0,39393977,0,22885276,62279253,6893730,2596667
cf_c,2048,1,true,true,45,4,2,585034315,479138741,2996197,0,69164776,0,33734601,102899377,4830856,1795668
fb23_c,2048,1,true,true,45,1,2,96069531,37009637,2611879,0,34573902,0,21874113,56448015,57642920,54957446
fb23_b,2048,1,true,true,5,2,2,102880352,32380044,1348484,0,36942641,0,32209183,69151824,9761674,8405071
fb23_a,2048,1,true,true,45,7,2,50114817,26074044,151282,0,14706046,0,9183445,23889491,384530,232890
cf_c,2048,1,true,true,120,7,2,585034315,479405363,1790255,0,69164776,0,34673921,103838697,2530355,720698
fb23_c,2048,1,true,true,120,7,2,96069531,37294024,270228,0,34573902,0,23931377,58505279,851695,580673
cf_a,2048,1,true,true,15,1,2,611934080,544668628,7852954,0,39393977,0,20018521,59412498,28367961,20325860
fb23_b,2048,1,true,true,5,5,2,102880352,32504329,395684,0,36942641,0,33037698,69980339,1316243,919342
fb23_b,2048,1,true,true,30,4,2,102880352,32483436,543468,0,36942641,0,32910807,69853448,1960232,1414972
cf_g,2048,1,true,true,45,7,2,305423259,255658975,1118430,0,30637283,0,18008571,48645854,1768315,615556
cf_e,2048,1,true,true,5,1,2,350792453,301125324,5606081,0,31410803,0,12650245,44061048,28651400,22893960
fb23_c,2048,1,true,true,1,7,2,96069531,37294008,270415,0,34573902,0,23931206,58505108,852003,580794
cf_g,2048,1,true,true,60,7,2,305423259,255658980,1118420,0,30637283,0,18008576,48645859,1768305,615556
fb23_b,2048,1,true,true,45,7,2,102880352,32525023,251491,0,36942641,0,33161197,70103838,764900,512661
fb23_a,2048,1,true,true,1,8,2,50114817,26077411,128497,0,14706046,0,9202863,23908909,331215,202399
fb23_a,2048,1,true,true,45,2,2,50114817,25996495,662616,0,14706046,0,8749660,23455706,4012583,3346531
cf_g,2048,1,true,true,120,2,2,305423259,255305450,2833955,0,30637283,0,16646571,47283854,6090126,3132930
fb23_c,2048,1,true,true,5,2,2,96069531,37133912,1317890,0,34573902,0,23043827,57617729,8083605,6757697
cf_e,2048,1,true,true,15,1,2,350792453,301154204,5367225,0,31410803,0,12860221,44271024,24838810,19320234
fb23_c,2048,1,true,true,1,3,2,96069531,37207580,806295,0,34573902,0,23481754,58055656,3354409,2544751
cf_g,2048,1,true,true,30,3,2,305423259,255397929,2528682,0,30637283,0,16859365,47496648,5422978,2809822
fb23_a,2048,1,true,true,30,1,2,50114817,25945261,1241318,0,14706046,0,8222192,22928238,23144670,21877785
cf_e,2048,1,true,true,45,4,2,350792453,301789747,1802477,0,31410803,0,15789426,47200229,2965131,1130410
fb23_a,2048,1,true,true,15,6,2,50114817,26068076,187445,0,14706046,0,9153250,23859296,481303,293416
cf_a,2048,1,true,true,30,7,2,611934080,545755044,2264980,0,39393977,0,24520079,63914056,3103588,828522
fb23_b,2048,1,true,true,60,4,2,102880352,32483463,543159,0,36942641,0,32911089,69853730,1959899,1414948
fb23_c,2048,1,true,true,1,8,2,96069531,37299375,230578,0,34573902,0,23965676,58539578,675438,444212
cf_e,2048,1,true,true,1,5,2,350792453,301836556,1695234,0,31410803,0,15849860,47260663,3077739,1356160
fb23_c,2048,1,true,true,1,2,2,96069531,37133912,1318676,0,34573902,0,23043041,57616943,8087565,6760871
fb23_a,2048,1,true,true,15,4,2,50114817,26047989,309513,0,14706046,0,9051269,23757315,868164,557860
fb23_c,2048,1,true,true,15,2,2,96069531,37133912,1317890,0,34573902,0,23043827,57617729,8083605,6757697
fb23_a,2048,1,true,true,15,8,2,50114817,26077411,128497,0,14706046,0,9202863,23908909,331215,202399
cf_g,2048,1,true,true,1,4,2,305423259,255480353,2206333,0,30637283,0,17099290,47736573,4608398,2339278
cf_e,2048,1,true,true,15,7,2,350792453,301922096,1162571,0,31410803,0,16296983,47707786,1952119,770155
fb23_b,2048,1,true,true,30,7,2,102880352,32525020,251569,0,36942641,0,33161122,70103763,764981,512664
cf_e,2048,1,true,true,1,7,2,350792453,301918577,1233606,0,31410803,0,16229467,47640270,2162067,909068
cf_c,2048,1,true,true,60,5,2,585034315,479264861,2495055,0,69164776,0,34109623,103274399,3771790,1247250
fb23_a,2048,1,true,true,1,3,2,50114817,26028914,427045,0,14706046,0,8952812,23658858,1440611,1012078
cf_g,2048,1,true,true,60,8,2,305423259,255678296,1002644,0,30637283,0,18105036,48742319,1573605,541199
cf_g,2048,1,true,true,60,5,2,305423259,255593011,1466621,0,30637283,0,17726344,48363627,2389020,872838
fb23_a,2048,1,true,true,15,7,2,50114817,26074044,151285,0,14706046,0,9183442,23889488,384542,232899
fb23_c,2048,1,true,true,15,3,2,96069531,37207580,806266,0,34573902,0,23481783,58055685,3354331,2544702
fb23_a,2048,1,true,true,5,3,2,50114817,26028914,427032,0,14706046,0,8952825,23658871,1440578,1012058
fb23_c,2048,1,true,true,5,4,2,96069531,37248716,558093,0,34573902,0,23688820,58262722,2109470,1549412
cf_c,2048,1,true,true,120,6,2,585034315,479351224,2054307,0,69164776,0,34464008,103628784,2993232,915502
cf_c,2048,1,true,true,5,2,2,585034315,478386511,6401107,0,69164776,0,31081921,100246697,14040100,7542791
fb23_b,2048,1,true,true,30,5,2,102880352,32504329,395684,0,36942641,0,33037698,69980339,1316243,919342
cf_e,2048,1,true,true,45,2,2,350792453,301515473,3174860,0,31410803,0,14691317,46102120,6548600,3311485
fb23_b,2048,1,true,true,1,5,2,102880352,32504329,395684,0,36942641,0,33037698,69980339,1316243,919342
fb23_b,2048,1,true,true,45,1,2,102880352,32254499,3025236,0,36942641,0,30657976,67600617,68024737,64922157
fb23_c,2048,1,true,true,1,1,2,96069531,37003820,2653515,0,34573902,0,21838294,56412196,58793991,56066881
cf_a,2048,1,true,true,60,1,2,611934080,544964211,5917557,0,39393977,0,21658335,61052312,22119639,16012995
cf_c,2048,1,true,true,30,8,2,585034315,479400652,1975802,0,69164776,0,34493085,103657861,2630623,638563
cf_c,2048,1,true,true,45,1,2,585034315,477562544,7007906,0,69164776,0,31299089,100463865,32906203,25618645
cf_g,2048,1,true,true,5,1,2,305423259,254915693,5257156,0,30637283,0,14613127,45250410,34053594,28551704
cf_e,2048,1,true,true,120,5,2,350792453,301860158,1443516,0,31410803,0,16077976,47488779,2315022,845162
cf_a,2048,1,true,true,60,5,2,611934080,545697192,2361511,0,39393977,0,24481400,63875377,3538110,1161046
cf_c,2048,1,true,true,15,4,2,585034315,479062850,3559280,0,69164776,0,33247409,102412185,5485697,1887422
cf_c,2048,1,true,true,120,3,2,585034315,478972088,3538940,0,69164776,0,33358511,102523287,6479050,2884465
cf_a,2048,1,true,true,120,6,2,611934080,545754159,2008272,0,39393977,0,24777672,64171649,2945901,925396
fb23_b,2048,1,true,true,5,3,2,102880352,32448897,791744,0,36942641,0,32697070,69639711,3251618,2456895
cf_a,2048,1,true,true,30,1,2,611934080,544676769,7799787,0,39393977,0,20063547,59457524,28177183,20188250
